Fold,Test_Seasons,Spearman,Kendall_Tau,MAE,Perfect_Matches,Total_Teams
1,"2003-04, 2004-05, 2018-19, 2020-21",0.4170167418298634,0.2813494589433481,3.793103448275862,3,58
2,"2006-07, 2008-09, 2011-12, 2014-15",0.3482946250829463,0.2543053960964408,3.9344262295081966,4,61
3,"2005-06, 2016-17, 2019-20, 2021-22",0.37441274054412743,0.2898966704936854,4.065573770491803,6,61
4,"2007-08, 2012-13, 2015-16, 2023-24",0.2271104167829046,0.1592394533571004,4.233333333333333,5,60
5,"2009-10, 2010-11, 2013-14, 2017-18, 2022-23",0.24103699471504067,0.16432103461392164,4.453333333333333,5,75
