Fold,Test_Seasons,Spearman,Kendall_Tau,MAE,Perfect_Matches,Total_Teams
1,"2003-04, 2004-05, 2018-19, 2020-21",0.317415209736208,0.21005728835136855,4.241379310344827,4,58
2,"2006-07, 2008-09, 2011-12, 2014-15",0.35944260119442606,0.2594718714121699,3.9672131147540983,6,61
3,"2005-06, 2016-17, 2019-20, 2021-22",0.32407431984074325,0.2393800229621125,4.098360655737705,5,61
4,"2007-08, 2012-13, 2015-16, 2023-24",0.27464710148970595,0.20142602495543674,4.133333333333334,8,60
5,"2009-10, 2010-11, 2013-14, 2017-18, 2022-23",0.29795743465219254,0.20730315709395208,4.32,5,75
